Position,PosNum,Pvalue,CramersV,NFactors,NSymbols,NSamples,AdjP,Significant,Protein,Factor
Site_1,1,0.006145281496067071,0.2099026392634436,6,2,369,0.021555048043283325,TRUE,seg1 / PB2_polymerase,Host
Site_7,7,5.332643324113473e-7,0.31687311912616023,6,2,371,4.159461792808509e-6,TRUE,seg1 / PB2_polymerase,Host
Site_8,8,0.0011479172601585167,0.23331972989773217,6,2,371,0.004974308127353572,TRUE,seg1 / PB2_polymerase,Host
Site_10,10,8.475615233212398e-17,0.47796270312730155,6,2,371,1.6527449704764176e-15,TRUE,seg1 / PB2_polymerase,Host
Site_11,11,1.3437560032160577e-4,0.26000976191098396,6,2,371,7.486640589346607e-4,TRUE,seg1 / PB2_polymerase,Host
Site_17,17,9.004359984782242e-8,0.33279222431361366,6,2,371,8.779250985162686e-7,TRUE,seg1 / PB2_polymerase,Host
Site_23,23,2.7646927952412804e-20,0.5233337608225315,6,2,370,1.0782301901440994e-18,TRUE,seg1 / PB2_polymerase,Host
Site_24,24,0.005598869617431193,0.21104734658899163,6,2,370,0.021555048043283325,TRUE,seg1 / PB2_polymerase,Host
Site_25,25,7.380482083249011e-5,0.2672420772182753,6,2,370,4.7973133541118576e-4,TRUE,seg1 / PB2_polymerase,Host
Site_26,26,7.008585604518937e-4,0.24011545410128163,6,2,370,0.003416685482202982,TRUE,seg1 / PB2_polymerase,Host
Site_34,34,0.006632322474856408,0.18178926612456114,6,3,369,0.021555048043283325,TRUE,seg1 / PB2_polymerase,Host
Site_37,37,1.3470465350565192e-14,0.4485130629216233,6,2,369,1.7511604955734748e-13,TRUE,seg1 / PB2_polymerase,Host
Site_7,7,2.1478022545623244e-13,0.4089500919244168,4,2,371,4.188214396396533e-12,TRUE,seg1 / PB2_polymerase,Time
Site_8,8,2.720671904674283e-12,0.3915687970640315,4,2,371,2.6526551070574262e-11,TRUE,seg1 / PB2_polymerase,Time
Site_10,10,4.977361856857217e-13,0.4032821997183077,4,2,371,6.470570413914382e-12,TRUE,seg1 / PB2_polymerase,Time
Site_17,17,2.001820436830979e-5,0.2567706709809853,4,2,371,1.1152999576629739e-4,TRUE,seg1 / PB2_polymerase,Time
Site_23,23,1.1212459741123678e-9,0.34721822770564176,4,2,370,8.745718598076468e-9,TRUE,seg1 / PB2_polymerase,Time
Site_24,24,9.53528853929891e-19,0.48497826813831324,4,2,370,3.718762530326575e-17,TRUE,seg1 / PB2_polymerase,Time
Site_26,26,8.267465217855723e-4,0.21225084068164046,4,2,370,0.004030389293704664,TRUE,seg1 / PB2_polymerase,Time
Site_33,33,0.0026731885889721275,0.19574899435394377,4,2,370,0.011583817218879218,TRUE,seg1 / PB2_polymerase,Time
Site_37,37,5.6115769326580065e-8,0.3149075357234702,4,2,369,3.6475250062277044e-7,TRUE,seg1 / PB2_polymerase,Time
Site_7,7,6.404350796803768e-11,0.39025241664459775,6,2,371,4.995393621506938e-10,TRUE,seg1 / PB2_polymerase,Geography
Site_8,8,5.341836357027488e-18,0.49382782428854444,6,2,371,5.208290448101801e-17,TRUE,seg1 / PB2_polymerase,Geography
Site_10,10,3.3583442845009925e-20,0.5215936935666184,6,2,371,4.36584756985129e-19,TRUE,seg1 / PB2_polymerase,Geography
Site_11,11,2.5393737634624116e-5,0.27861191876141456,6,2,371,1.162974168418401e-4,TRUE,seg1 / PB2_polymerase,Geography
Site_17,17,1.0152301417709623e-8,0.35121020259072927,6,2,371,6.598995921511255e-8,TRUE,seg1 / PB2_polymerase,Geography
Site_23,23,2.928220809158569e-20,0.523028019961586,6,2,370,4.36584756985129e-19,TRUE,seg1 / PB2_polymerase,Geography
Site_24,24,1.960629888186045e-26,0.5936526047491235,6,2,370,7.646456563925575e-25,TRUE,seg1 / PB2_polymerase,Geography
Site_26,26,3.7128803112420493e-7,0.3206195948072834,6,2,370,2.068604744834856e-6,TRUE,seg1 / PB2_polymerase,Geography
Site_32,32,0.005182960617827392,0.21222174588932524,6,2,370,0.020213546409526828,TRUE,seg1 / PB2_polymerase,Geography
Site_37,37,2.6837865425040025e-5,0.278770856720561,6,2,369,1.162974168418401e-4,TRUE,seg1 / PB2_polymerase,Geography
Site_6,6,0.005383708167409711,0.40860578054963276,5,2,88,0.01507438286874719,TRUE,seg2 / PB1-F2_protein,Host
Site_7,7,9.168629714865287e-6,0.5706754752784556,5,2,88,6.418040800405701e-5,TRUE,seg2 / PB1-F2_protein,Host
Site_10,10,0.0047932527264284855,0.4122560810590557,5,2,88,0.01507438286874719,TRUE,seg2 / PB1-F2_protein,Host
Site_13,13,6.581154670465976e-4,0.4381780460041329,5,2,101,0.0030712055128841224,TRUE,seg2 / PB1-F2_protein,Host
Site_14,14,6.878415276303035e-10,0.5521180463622067,5,3,97,9.62978138682425e-9,TRUE,seg2 / PB1-F2_protein,Host
Site_1,1,1.0431049895720684e-8,0.6988890825427216,5,2,88,4.8678232846696525e-8,TRUE,seg2 / PB1-F2_protein,Time
Site_6,6,0.006279455651447562,0.4037064670334803,5,2,88,0.01465206318671098,TRUE,seg2 / PB1-F2_protein,Time
Site_7,7,8.170893178847405e-9,0.7030312038332427,5,2,88,4.8678232846696525e-8,TRUE,seg2 / PB1-F2_protein,Time
Site_8,8,2.465885325809447e-5,0.5491403097983941,5,2,88,8.630598640333065e-5,TRUE,seg2 / PB1-F2_protein,Time
Site_9,9,6.897737392614405e-9,0.7058886807451519,5,2,88,4.8678232846696525e-8,TRUE,seg2 / PB1-F2_protein,Time
Site_10,10,7.317948044755158e-4,0.46658500439193856,5,2,88,0.002049025452531444,TRUE,seg2 / PB1-F2_protein,Time
Site_1,1,3.5082492347501584e-7,0.6359791591449303,5,2,88,1.6371829762167407e-6,TRUE,seg2 / PB1-F2_protein,Geography
Site_6,6,2.4799071751259643e-7,0.6424889090174727,5,2,88,1.6371829762167407e-6,TRUE,seg2 / PB1-F2_protein,Geography
Site_8,8,0.002710657849505447,0.4296182508961545,5,2,88,0.00632486831551271,TRUE,seg2 / PB1-F2_protein,Geography
Site_9,9,4.828790916281621e-7,0.6299180061069368,5,2,88,1.6900768206985675e-6,TRUE,seg2 / PB1-F2_protein,Geography
Site_10,10,1.6584742935864813e-6,0.6058748441413851,5,2,88,4.643728022042147e-6,TRUE,seg2 / PB1-F2_protein,Geography
Site_14,14,9.012657645667112e-9,0.524662986634162,5,3,97,1.2617720703933956e-7,TRUE,seg2 / PB1-F2_protein,Geography
Site_4,4,0.011730048259484928,0.19877833759166208,6,2,372,0.049266202689836704,TRUE,seg2 / PB1_polymerase,Host
Site_6,6,7.274107642761783e-7,0.31357647201010874,6,2,372,7.637813024899872e-6,TRUE,seg2 / PB1_polymerase,Host
Site_7,7,1.0883416152384237e-15,0.46217179157592353,6,2,372,2.28551739200069e-14,TRUE,seg2 / PB1_polymerase,Host
Site_9,9,1.0146215404272074e-5,0.2878556504969772,6,2,372,7.102350782990451e-5,TRUE,seg2 / PB1_polymerase,Host
Site_11,11,0.004375939209703736,0.21418890573580596,6,2,372,0.022973680850944613,TRUE,seg2 / PB1_polymerase,Host
Site_6,6,7.533465347806487e-4,0.21292334435728458,4,2,372,0.00791013861519681,TRUE,seg2 / PB1_polymerase,Time
Site_7,7,1.171531556417811e-5,0.2621932647533225,4,2,372,2.460216268477403e-4,TRUE,seg2 / PB1_polymerase,Time
Site_6,6,6.152702426591068e-7,0.31512818680619653,6,2,372,6.460337547920622e-6,TRUE,seg2 / PB1_polymerase,Geography
Site_7,7,2.2239890158603122e-15,0.4578343636024441,6,2,372,4.6703769333066555e-14,TRUE,seg2 / PB1_polymerase,Geography
Site_5,5,3.6877956881240007e-6,0.5588208136374182,5,2,98,4.4253548257488004e-5,TRUE,seg3 / PA-X_protein,Host
Site_8,8,8.233583521217867e-6,0.5429425701310844,5,2,98,4.94015011273072e-5,TRUE,seg3 / PA-X_protein,Host
Site_9,9,2.3811911917008926e-4,0.467355381515586,5,2,99,9.52476476680357e-4,TRUE,seg3 / PA-X_protein,Host
Site_12,12,1.2521607228828497e-5,0.6863092656836751,4,2,54,1.5025928674594196e-4,TRUE,seg3 / PA-X_protein,Time
Site_4,4,0.01847390052605247,0.37231677825542614,6,2,98,0.027710850789078707,TRUE,seg3 / PA-X_protein,Geography
Site_5,5,0.0023122399628216993,0.43528575006600706,6,2,98,0.004624479925643399,TRUE,seg3 / PA-X_protein,Geography
Site_6,6,2.4332145152393387e-4,0.4922073153023159,6,2,98,5.839714836574412e-4,TRUE,seg3 / PA-X_protein,Geography
Site_7,7,2.4332145152393387e-4,0.4922073153023159,6,2,98,5.839714836574412e-4,TRUE,seg3 / PA-X_protein,Geography
Site_8,8,3.212315937591255e-7,0.6255432421712244,6,2,98,1.284926375036502e-6,TRUE,seg3 / PA-X_protein,Geography
Site_9,9,0.015588534426140256,0.37609489284095926,6,2,99,0.026723201873383295,TRUE,seg3 / PA-X_protein,Geography
Site_12,12,8.46445895334521e-9,0.8967059900842982,5,2,54,5.078675372007126e-8,TRUE,seg3 / PA-X_protein,Geography
Site_14,14,5.272806706436938e-9,0.9068683189920923,5,2,54,5.078675372007126e-8,TRUE,seg3 / PA-X_protein,Geography
Site_9,9,4.391398374870125e-14,0.4416113791756691,6,2,368,1.4491614637071412e-12,TRUE,seg3 / PA_polymerase,Host
Site_15,15,5.480975953201498e-12,0.4088209871136041,6,2,369,6.029073548521648e-11,TRUE,seg3 / PA_polymerase,Host
Site_16,16,6.246411394434887e-13,0.42363567659574,6,2,369,1.0306578800817563e-11,TRUE,seg3 / PA_polymerase,Host
Site_17,17,3.435352715907448e-7,0.25873193137347245,6,3,369,2.2673327924989154e-6,TRUE,seg3 / PA_polymerase,Host
Site_27,27,0.0011218559311280312,0.23425832408938155,6,2,369,0.005288749389603576,TRUE,seg3 / PA_polymerase,Host
Site_29,29,1.437177452903152e-5,0.2854041948258523,6,2,369,7.904475990967335e-5,TRUE,seg3 / PA_polymerase,Host
Site_33,33,5.1277464716851844e-8,0.3385666990679767,6,2,369,4.230390839140277e-7,TRUE,seg3 / PA_polymerase,Host
Site_35,35,0.00244433343140436,0.22353629268823894,6,2,369,0.010082875404542986,TRUE,seg3 / PA_polymerase,Host
Site_9,9,5.521547154217277e-8,0.3154781633305024,4,2,368,1.0426802461519036e-6,TRUE,seg3 / PA_polymerase,Time
Site_15,15,9.478911328653669e-8,0.31023953661505216,4,2,369,1.0426802461519036e-6,TRUE,seg3 / PA_polymerase,Time
Site_16,16,9.071504158957187e-7,0.2892185999676391,4,2,369,7.483990931139679e-6,TRUE,seg3 / PA_polymerase,Time
Site_17,17,7.885456634922337e-8,0.2437802974519987,4,3,369,1.0426802461519036e-6,TRUE,seg3 / PA_polymerase,Time
Site_27,27,2.759464985584213e-4,0.22679884824446822,4,2,369,0.0018212468904855803,TRUE,seg3 / PA_polymerase,Time
Site_37,37,0.004829245642382366,0.1870662271762002,4,2,369,0.026560851033103013,TRUE,seg3 / PA_polymerase,Time
Site_9,9,2.8558089922843734e-6,0.3021801616384383,6,2,368,3.141389891512811e-5,TRUE,seg3 / PA_polymerase,Geography
Site_15,15,8.780240118394674e-5,0.2656294075253727,6,2,369,4.139256055814632e-4,TRUE,seg3 / PA_polymerase,Geography
Site_16,16,9.706275302416822e-6,0.2894803666599243,6,2,369,6.406141699595103e-5,TRUE,seg3 / PA_polymerase,Geography
Site_17,17,6.990054612980856e-8,0.26835778235280316,6,3,369,1.1533590111418413e-6,TRUE,seg3 / PA_polymerase,Geography
Site_21,21,0.0024103962864890143,0.2237346826890866,6,2,369,0.009942884681767183,TRUE,seg3 / PA_polymerase,Geography
Site_27,27,8.818497226986012e-13,0.42132137561352206,6,2,369,2.910104084905384e-11,TRUE,seg3 / PA_polymerase,Geography
Site_33,33,0.011750696299688404,0.1995556739572544,6,2,369,0.043085886432190815,TRUE,seg3 / PA_polymerase,Geography
Site_35,35,5.398654815878504e-5,0.2711151613390836,6,2,369,2.9692601487331773e-4,TRUE,seg3 / PA_polymerase,Geography
Site_37,37,7.515394450986944e-6,0.29210083238806495,6,2,369,6.200200422064229e-5,TRUE,seg3 / PA_polymerase,Geography
Site_2,2,3.0159518420781904e-9,0.2476999132157276,6,2,788,1.3236677529120948e-8,TRUE,seg4 / HA_full,Host
Site_3,3,5.7794856297390285e-59,0.5983710877310984,6,2,789,6.522562353562618e-58,TRUE,seg4 / HA_full,Host
Site_4,4,4.903099580346393e-5,0.1861398244400541,6,2,789,1.3356719546460863e-4,TRUE,seg4 / HA_full,Host
Site_5,5,4.684012129331186e-5,0.18648605694614273,6,2,789,1.321560565061299e-4,TRUE,seg4 / HA_full,Host
Site_6,6,4.684012129331186e-5,0.18648605694614273,6,2,789,1.321560565061299e-4,TRUE,seg4 / HA_full,Host
Site_7,7,1.745655076450893e-6,0.20964258121069168,6,2,789,5.995945697374807e-6,TRUE,seg4 / HA_full,Host
Site_8,8,4.684012129331186e-5,0.18648605694614273,6,2,789,1.321560565061299e-4,TRUE,seg4 / HA_full,Host
Site_12,12,5.748576365262857e-7,0.21681216419813545,6,2,789,2.162559680265551e-6,TRUE,seg4 / HA_full,Host
Site_14,14,2.0116158099179843e-92,0.7449777371462785,6,2,789,3.972941224588019e-91,TRUE,seg4 / HA_full,Host
Site_15,15,0.018069258985295673,0.1314801553811682,6,2,789,0.03172158799640796,TRUE,seg4 / HA_full,Host
Site_17,17,2.084939948127362e-15,0.31464049629965646,6,2,789,1.267001968477397e-14,TRUE,seg4 / HA_full,Host
Site_18,18,0.0016372982958971192,0.15669848321971724,6,2,789,0.0033165785993813438,TRUE,seg4 / HA_full,Host
Site_19,19,2.5511761659108804e-78,0.6870685115068496,6,2,789,4.030858342139191e-77,TRUE,seg4 / HA_full,Host
Site_21,21,0.0012599494069740404,0.1851032555445815,5,2,524,0.0026193685039723473,TRUE,seg4 / HA_full,Host
Site_29,29,4.5522517465356484e-27,0.4111624581555464,6,2,789,3.5962788797631626e-26,TRUE,seg4 / HA_full,Host
Site_30,30,5.812752102883901e-21,0.36401096332363087,6,2,789,3.8267284677319015e-20,TRUE,seg4 / HA_full,Host
Site_31,31,1.1015926747103887e-12,1,5,2,62,5.801721420141381e-12,TRUE,seg4 / HA_full,Host
Site_32,32,7.681023248542364e-4,0.16361803896153848,6,2,789,0.0016400022611752615,TRUE,seg4 / HA_full,Host
Site_34,34,2.944041669077539e-36,0.47301335952867657,6,2,789,2.90724114821407e-35,TRUE,seg4 / HA_full,Host
Site_35,35,0.007987252159946952,0.14074291802993666,6,2,789,0.014674253968274632,TRUE,seg4 / HA_full,Host
Site_36,36,6.277012348865903e-4,0.16540151563448033,6,2,789,0.001416811358744018,TRUE,seg4 / HA_full,Host
Site_38,38,6.26314904838666e-93,0.7469737977188013,6,2,789,1.6492959160751536e-91,TRUE,seg4 / HA_full,Host
Site_40,40,1.5034187180469215e-10,0.2633068177691503,6,2,789,7.423129920356675e-10,TRUE,seg4 / HA_full,Host
Site_41,41,4.692638269305654e-36,0.4717410399031094,6,2,789,4.1190935919460745e-35,TRUE,seg4 / HA_full,Host
Site_44,44,2.401699375493976e-13,0.2940509075248375,6,2,789,1.3552446476001722e-12,TRUE,seg4 / HA_full,Host
Site_45,45,3.135692777866936e-5,0.18949286325419076,6,2,789,1.0321655393811997e-4,TRUE,seg4 / HA_full,Host
Site_46,46,7.316666143363292e-4,0.16404966209721658,6,2,789,0.0016056017370158337,TRUE,seg4 / HA_full,Host
Site_47,47,2.2845815224981727e-7,0.22256596371609363,6,2,789,9.024097013867783e-7,TRUE,seg4 / HA_full,Host
Site_49,49,0.014735413586144816,0.13387778902780864,6,2,789,0.026456765302396372,TRUE,seg4 / HA_full,Host
Site_50,50,0.004585501781359907,0.1465930142785408,6,2,789,0.0086251104935103,TRUE,seg4 / HA_full,Host
Site_51,51,1.292543077385464e-9,0.25210857028530487,6,2,789,6.0065237125559805e-9,TRUE,seg4 / HA_full,Host
Site_53,53,8.14555249131357e-7,0.17322812589803935,6,3,789,2.924993849153509e-6,TRUE,seg4 / HA_full,Host
Site_57,57,2.4710931494395143e-22,0.37514517504318035,6,2,789,1.7746941709611058e-21,TRUE,seg4 / HA_full,Host
Site_58,58,4.759454144944724e-78,0.6859079175933437,6,2,789,6.26661462417722e-77,TRUE,seg4 / HA_full,Host
Site_59,59,3.9620536154941384e-4,0.16937881413990713,6,2,789,9.484916231031423e-4,TRUE,seg4 / HA_full,Host
Site_60,60,1.060075463306706e-8,0.24058991948478198,6,2,789,4.4076821895384093e-8,TRUE,seg4 / HA_full,Host
Site_61,61,9.994282254316788e-105,0.572419429665637,6,3,789,7.895482980910263e-103,TRUE,seg4 / HA_full,Host
Site_65,65,4.555097673871654e-5,0.18657885411005873,6,2,790,1.321560565061299e-4,TRUE,seg4 / HA_full,Host
Site_66,66,7.578779035256608e-98,0.7655836765432407,6,2,790,2.9936177189263602e-96,TRUE,seg4 / HA_full,Host
Site_68,68,5.487893365313834e-5,0.18516574172614353,6,2,790,1.4451452528659763e-4,TRUE,seg4 / HA_full,Host
Site_73,73,6.103938883754226e-4,0.16554176208072968,6,2,790,0.001416811358744018,TRUE,seg4 / HA_full,Host
Site_75,75,3.474821832501734e-4,0.17049177936028725,6,2,789,8.578466398988657e-4,TRUE,seg4 / HA_full,Host
Site_76,76,2.894230185740699e-4,0.1721366008192951,6,2,788,7.375618860435974e-4,TRUE,seg4 / HA_full,Host
Site_79,79,0.004101662934555188,0.1480130044761486,6,2,786,0.007903204190972192,TRUE,seg4 / HA_full,Host
Site_80,80,0.0034623541682067284,0.1500106697016175,6,2,783,0.006838149482208289,TRUE,seg4 / HA_full,Host
Site_3,3,4.051324513756249e-13,0.28495008946820877,5,2,789,3.200546365867437e-12,TRUE,seg4 / HA_full,Time
Site_4,4,0.005251448210041244,0.13672277747759118,5,2,789,0.01296451276853932,TRUE,seg4 / HA_full,Time
Site_5,5,0.003164944096133455,0.14193065289833884,5,2,789,0.008553524300073476,TRUE,seg4 / HA_full,Time
Site_6,6,0.003164944096133455,0.14193065289833884,5,2,789,0.008553524300073476,TRUE,seg4 / HA_full,Time
Site_7,7,0.0020245475543291206,0.14633881913903823,5,2,789,0.006664135699666688,TRUE,seg4 / HA_full,Time
Site_8,8,0.003164944096133455,0.14193065289833884,5,2,789,0.008553524300073476,TRUE,seg4 / HA_full,Time
Site_11,11,1.0773974468241527e-8,0.23322160457955365,5,2,789,4.4797051736372666e-8,TRUE,seg4 / HA_full,Time
Site_12,12,0.013967231718760244,0.12589219775058838,5,2,789,0.03307530065310752,TRUE,seg4 / HA_full,Time
Site_13,13,1.8534180022190376e-169,1,5,2,789,1.4642002217530397e-167,TRUE,seg4 / HA_full,Time
Site_14,14,1.5455398045637528e-21,0.36266536423556034,5,2,789,1.744252065150521e-20,TRUE,seg4 / HA_full,Time
Site_17,17,1.2274358831065276e-12,0.2798167697061205,5,2,789,8.815221342310517e-12,TRUE,seg4 / HA_full,Time
Site_19,19,6.469600575508266e-14,0.29323681865197165,5,2,789,5.678871616279479e-13,TRUE,seg4 / HA_full,Time
Site_24,24,1.0322962591008208e-11,0.2696633215053103,5,2,789,6.273184959151142e-11,TRUE,seg4 / HA_full,Time
Site_25,25,1.9754950749045284e-41,0.49923528975114917,5,2,789,5.202137030581924e-40,TRUE,seg4 / HA_full,Time
Site_29,29,6.090931362554763e-12,0.27221645486552026,5,2,789,4.009863147015219e-11,TRUE,seg4 / HA_full,Time
Site_34,34,7.907735648219282e-4,0.15512560099260111,5,2,789,0.002839595982769651,TRUE,seg4 / HA_full,Time
Site_35,35,8.10163512819641e-22,0.3649585799080016,5,2,789,1.0667152918791939e-20,TRUE,seg4 / HA_full,Time
Site_36,36,5.054373882675132e-9,0.2374841001275586,5,2,789,2.4955971045708465e-8,TRUE,seg4 / HA_full,Time
Site_38,38,2.0070865054663905e-8,0.22965334800809917,5,2,789,7.927991696592243e-8,TRUE,seg4 / HA_full,Time
Site_41,41,7.557879694118673e-9,0.23522873142138448,5,2,789,3.512191151972796e-8,TRUE,seg4 / HA_full,Time
Site_44,44,2.4047225489058422e-18,0.3354215800536904,5,2,789,2.374663517044519e-17,TRUE,seg4 / HA_full,Time
Site_45,45,0.0032481737848380292,0.14166939210046403,5,2,789,0.008553524300073476,TRUE,seg4 / HA_full,Time
Site_47,47,0.0030482761681721927,0.14230764491071748,5,2,789,0.008553524300073476,TRUE,seg4 / HA_full,Time
Site_49,49,5.353272459716097e-25,0.3899814962908166,5,2,789,8.458170486351435e-24,TRUE,seg4 / HA_full,Time
Site_51,51,0.003999620755628492,0.1395530869592734,5,2,789,0.010192581925633899,TRUE,seg4 / HA_full,Time
Site_53,53,0.01665213515350332,0.10880923046217654,5,3,789,0.03758624791790749,TRUE,seg4 / HA_full,Time
Site_55,55,2.2709524803712887e-68,0.6385229486556951,5,2,789,8.97026229746659e-67,TRUE,seg4 / HA_full,Time
Site_57,57,8.141257317843858e-9,0.2348093480259181,5,2,789,3.573107378387027e-8,TRUE,seg4 / HA_full,Time
Site_58,58,3.821039832416737e-32,0.4409202014155449,5,2,789,7.546553669023056e-31,TRUE,seg4 / HA_full,Time
Site_60,60,2.898788081147917e-7,0.21359464472904702,5,2,789,1.0904964686223118e-6,TRUE,seg4 / HA_full,Time
Site_61,61,5.670884426166017e-11,0.20240258374788453,5,3,789,3.1999990690508243e-10,TRUE,seg4 / HA_full,Time
Site_65,65,0.003028473170313706,0.14228280221251763,5,2,790,0.008553524300073476,TRUE,seg4 / HA_full,Time
Site_66,66,1.7785301203111938e-10,0.2552540434943374,5,2,790,9.366925300305622e-10,TRUE,seg4 / HA_full,Time
Site_68,68,0.0020092972357089057,0.14631934034173047,5,2,790,0.006664135699666688,TRUE,seg4 / HA_full,Time
Site_76,76,0.014234939521590578,0.12574995502141703,5,2,788,0.03307530065310752,TRUE,seg4 / HA_full,Time
Site_2,2,2.961498949730988e-34,0.4704477223352497,8,2,788,1.1697920851437403e-32,TRUE,seg4 / HA_full,Geography
Site_3,3,1.5866054199333938e-28,0.43190318522881527,8,2,789,3.1335457043684527e-27,TRUE,seg4 / HA_full,Geography
Site_4,4,1.5703488475517707e-5,0.20824109441447755,8,2,789,3.8767987173934336e-5,TRUE,seg4 / HA_full,Geography
Site_5,5,3.7963629235019742e-6,0.21796545860506672,8,2,789,1.110787670209837e-5,TRUE,seg4 / HA_full,Geography
Site_6,6,3.7963629235019742e-6,0.21796545860506672,8,2,789,1.110787670209837e-5,TRUE,seg4 / HA_full,Geography
Site_7,7,1.1421005643974827e-6,0.22578037053149197,8,2,789,4.2964735517810065e-6,TRUE,seg4 / HA_full,Geography
Site_8,8,3.7963629235019742e-6,0.21796545860506672,8,2,789,1.110787670209837e-5,TRUE,seg4 / HA_full,Geography
Site_10,10,6.624822434191761e-4,0.17918314369597263,8,2,789,0.0013614337755893566,TRUE,seg4 / HA_full,Geography
Site_11,11,1.7407669009587237e-7,0.23738069897264907,8,2,789,7.23792553556522e-7,TRUE,seg4 / HA_full,Geography
Site_12,12,1.9786222071552767e-37,0.48999092512984754,8,2,789,1.5631115436526685e-35,TRUE,seg4 / HA_full,Geography
Site_14,14,1.6458185974661245e-27,0.42473716681097506,8,2,789,2.600393383996477e-26,TRUE,seg4 / HA_full,Geography
Site_15,15,2.0423403400734897e-9,0.26236174240490867,8,2,789,8.963604825878094e-9,TRUE,seg4 / HA_full,Geography
Site_17,17,6.233446235182023e-7,0.22959402584881805,8,2,789,2.462211262896899e-6,TRUE,seg4 / HA_full,Geography
Site_19,19,3.486189722657054e-23,0.3926471391118738,8,2,789,3.442612351123841e-22,TRUE,seg4 / HA_full,Geography
Site_24,24,3.181989790911155e-10,0.27200641544123794,8,2,789,1.6758479565465416e-9,TRUE,seg4 / HA_full,Geography
Site_29,29,4.348591120872597e-4,0.18277045275483203,8,2,789,9.815391387112435e-4,TRUE,seg4 / HA_full,Geography
Site_30,30,4.8776513177573646e-4,0.181801863261551,8,2,789,0.001041444470548194,TRUE,seg4 / HA_full,Geography
Site_34,34,5.613252465708556e-10,0.26910500039406604,8,2,789,2.7715434049435994e-9,TRUE,seg4 / HA_full,Geography
Site_35,35,9.528323485319301e-11,0.27805259782928254,8,2,789,5.376696823858749e-10,TRUE,seg4 / HA_full,Geography
Site_36,36,2.203765033955486e-19,0.3619014341330618,8,2,789,1.740974376824834e-18,TRUE,seg4 / HA_full,Geography
Site_38,38,2.672821662172617e-20,0.3695684606741678,8,2,789,2.346143459018186e-19,TRUE,seg4 / HA_full,Geography
Site_39,39,0.006433080782952156,0.15772257349981883,8,2,789,0.012705334546330509,TRUE,seg4 / HA_full,Geography
Site_41,41,8.093629597221495e-6,0.2128516653111364,8,2,789,2.1313224606016604e-5,TRUE,seg4 / HA_full,Geography
Site_44,44,1.9987023640946724e-5,0.206530057094668,8,2,789,4.784772326166034e-5,TRUE,seg4 / HA_full,Geography
Site_45,45,5.551705364482488e-6,0.21541752765392821,8,2,789,1.5123611165314364e-5,TRUE,seg4 / HA_full,Geography
Site_47,47,8.898797132708205e-6,0.2121998641105468,8,2,789,2.267757978980478e-5,TRUE,seg4 / HA_full,Geography
Site_49,49,1.1149323874175487e-11,0.28844756765273893,8,2,789,6.775358354306641e-11,TRUE,seg4 / HA_full,Geography
Site_51,51,4.827983944458704e-6,0.2163583649574483,8,2,789,1.3621811843294202e-5,TRUE,seg4 / HA_full,Geography
Site_53,53,3.2211762855305716e-16,0.25926584633924976,8,3,789,2.3133902414265014e-15,TRUE,seg4 / HA_full,Geography
Site_55,55,6.721002183289229e-4,0.17905853226132296,8,2,789,0.0013614337755893566,TRUE,seg4 / HA_full,Geography
Site_57,57,7.206043179993892e-5,0.19710252975745404,8,2,789,1.6743453271162278e-4,TRUE,seg4 / HA_full,Geography
Site_58,58,4.648464800087766e-29,0.4356136018261716,8,2,789,1.2240957306897783e-27,TRUE,seg4 / HA_full,Geography
Site_60,60,9.679108457171814e-13,0.2997854286795086,8,2,789,6.372079734304778e-12,TRUE,seg4 / HA_full,Geography
Site_61,61,2.9050346176855133e-26,0.31537845883587057,8,3,789,3.2785390685307937e-25,TRUE,seg4 / HA_full,Geography
Site_65,65,3.593128560761999e-6,0.21819295160800142,8,2,790,1.110787670209837e-5,TRUE,seg4 / HA_full,Geography
Site_66,66,3.595447212037806e-27,0.42204693495761914,8,2,790,4.7340054958497773e-26,TRUE,seg4 / HA_full,Geography
Site_68,68,1.2203353133028103e-9,0.26490693261403625,8,2,790,5.6709699853483544e-9,TRUE,seg4 / HA_full,Geography
Site_71,71,4.7833009760926226e-4,0.18185195003930488,8,2,790,0.001041444470548194,TRUE,seg4 / HA_full,Geography
Site_75,75,1.8157171040826158e-6,0.2228050398501543,8,2,789,6.520075055569393e-6,TRUE,seg4 / HA_full,Geography
Site_76,76,2.2006486042389695e-6,0.2216968446124349,8,2,788,7.558749553690374e-6,TRUE,seg4 / HA_full,Geography
Site_5,5,5.109151943595099e-33,0.6399307809833744,6,2,394,6.641897526673628e-32,TRUE,seg5 / NP_protein,Host
Site_6,6,0.0025951943646404948,0.21550325655198513,6,2,394,0.009639293354378981,TRUE,seg5 / NP_protein,Host
Site_11,11,3.0100907838538888e-30,0.6135963974399894,6,2,394,2.6087453460067034e-29,TRUE,seg5 / NP_protein,Host
Site_12,12,2.3239606576611447e-8,0.3341511930059804,6,2,394,1.2084595419837952e-7,TRUE,seg5 / NP_protein,Host
Site_13,13,2.396024882738028e-11,0.3855669860020385,6,2,394,1.5574161737797182e-10,TRUE,seg5 / NP_protein,Host
Site_19,19,1.1927905120566515e-37,0.6816147867962464,6,2,394,3.101255331347294e-36,TRUE,seg5 / NP_protein,Host
Site_27,27,5.016697231975474e-5,0.2641701804119343,6,2,391,2.1739021338560387e-4,TRUE,seg5 / NP_protein,Host
Site_5,5,4.784945563974808e-16,0.4346551352096911,4,2,394,1.24408584663345e-14,TRUE,seg5 / NP_protein,Time
Site_11,11,1.910163823926059e-9,0.3323436995581913,4,2,394,1.2416064855519383e-8,TRUE,seg5 / NP_protein,Time
Site_13,13,0.01134001529734223,0.16763918596430144,4,2,394,0.049140066288483,TRUE,seg5 / NP_protein,Time
Site_19,19,4.54962500718592e-9,0.32549330859895476,4,2,394,2.3658050037366784e-8,TRUE,seg5 / NP_protein,Time
Site_24,24,5.0763699821401755e-12,0.37570493334924276,4,2,394,4.399520651188152e-11,TRUE,seg5 / NP_protein,Time
Site_25,25,4.27590553857318e-13,0.3923342381490402,4,2,394,5.558677200145134e-12,TRUE,seg5 / NP_protein,Time
Site_5,5,2.3989514064058455e-36,0.6701553837304334,6,2,394,4.4550222359526233e-35,TRUE,seg5 / NP_protein,Geography
Site_9,9,9.9923286242441e-4,0.228195166640697,6,2,394,0.0037114363461478086,TRUE,seg5 / NP_protein,Geography
Site_11,11,3.426940181502018e-36,0.6687802136516143,6,2,394,4.4550222359526233e-35,TRUE,seg5 / NP_protein,Geography
Site_13,13,8.791391642560729e-5,0.2570499493218277,6,2,394,3.809603045109649e-4,TRUE,seg5 / NP_protein,Geography
Site_19,19,5.4386864993778706e-21,0.5154528972138984,6,2,394,2.828116979676493e-20,TRUE,seg5 / NP_protein,Geography
Site_20,20,0.0012549452590517166,0.2252486658145774,6,2,394,0.004078572091918079,TRUE,seg5 / NP_protein,Geography
Site_24,24,2.862133845000256e-24,0.5523118244556925,6,2,394,1.8603869992501664e-23,TRUE,seg5 / NP_protein,Geography
Site_25,25,1.9376985731382844e-26,0.5753408582723413,6,2,394,1.679338763386513e-25,TRUE,seg5 / NP_protein,Geography
Site_1,1,9.29845468855415e-5,0.20541463397096899,6,2,614,2.6500595862379326e-4,TRUE,seg6 / NA_neuraminidase,Host
Site_2,2,1.7649968136430206e-6,0.237565559458896,6,2,614,6.287801148603261e-6,TRUE,seg6 / NA_neuraminidase,Host
Site_4,4,0.004060122318287314,0.16758326386246744,6,2,614,0.00890103739009142,TRUE,seg6 / NA_neuraminidase,Host
Site_7,7,7.179278381911474e-7,0.24377739360504672,6,2,616,2.9229919126353858e-6,TRUE,seg6 / NA_neuraminidase,Host
Site_8,8,0.0019369845260076908,0.1755420961459328,6,2,616,0.004600338249268266,TRUE,seg6 / NA_neuraminidase,Host
Site_9,9,5.146163042886104e-23,0.430684570673912,6,2,616,4.190447049207256e-22,TRUE,seg6 / NA_neuraminidase,Host
Site_10,10,2.6136311757267017e-7,0.250950226054775,6,2,616,1.3543361546947455e-6,TRUE,seg6 / NA_neuraminidase,Host
Site_12,12,3.581025460805065e-28,0.537880685126372,6,2,479,4.082369025317775e-27,TRUE,seg6 / NA_neuraminidase,Host
Site_13,13,7.964748643153078e-17,0.42096201804613703,6,2,479,5.674883408246568e-16,TRUE,seg6 / NA_neuraminidase,Host
Site_15,15,5.176264742065418e-28,0.536978234536566,6,2,478,4.9174515049621465e-27,TRUE,seg6 / NA_neuraminidase,Host
Site_17,17,7.623687459238102e-30,0.5564242299826845,6,2,473,1.0863754629414294e-28,TRUE,seg6 / NA_neuraminidase,Host
Site_18,18,2.108904469075902e-69,0.76342493762587,6,2,568,1.2020755473732642e-67,TRUE,seg6 / NA_neuraminidase,Host
Site_19,19,0.0021020931099707913,0.18188738079151714,6,2,568,0.004792772290733404,TRUE,seg6 / NA_neuraminidase,Host
Site_22,22,7.179278381911474e-7,0.24377739360504672,6,2,616,2.9229919126353858e-6,TRUE,seg6 / NA_neuraminidase,Host
Site_23,23,1.7458833764436452e-12,0.3225094674410537,6,2,616,9.951535245728778e-12,TRUE,seg6 / NA_neuraminidase,Host
Site_26,26,1.2518531744749911e-5,0.22182940615766472,6,2,617,3.964201719170805e-5,TRUE,seg6 / NA_neuraminidase,Host
Site_28,28,1.609899752784538e-5,0.21979300381215372,6,2,617,4.829699258353614e-5,TRUE,seg6 / NA_neuraminidase,Host
Site_30,30,1.0050751756796772e-6,0.24113854984241279,6,2,617,3.819285667582773e-6,TRUE,seg6 / NA_neuraminidase,Host
Site_31,31,1.3285652737591386e-15,0.35792951314050736,6,2,617,8.414246733807877e-15,TRUE,seg6 / NA_neuraminidase,Host
Site_32,32,6.619967596238142e-7,0.24416403976060314,6,2,617,2.9229919126353858e-6,TRUE,seg6 / NA_neuraminidase,Host
Site_37,37,7.244919816861251e-4,0.15706974718717412,6,3,617,0.0018770928616413242,TRUE,seg6 / NA_neuraminidase,Host
Site_38,38,0.022856861315529223,0.14546799649597675,6,2,617,0.04492555499948847,TRUE,seg6 / NA_neuraminidase,Host
Site_41,41,4.0242959794003597e-32,0.5046645253557793,6,2,617,1.1469243541291025e-30,TRUE,seg6 / NA_neuraminidase,Host
Site_43,43,0.0074508752431112985,0.16000473385284036,6,2,617,0.015729625513234965,TRUE,seg6 / NA_neuraminidase,Host
Site_44,44,0.0011920245075663662,0.18053301185045054,6,2,617,0.0029541476926644725,TRUE,seg6 / NA_neuraminidase,Host
Site_49,49,2.348029728221306e-30,0.49116686465953174,6,2,617,4.4612564836204814e-29,TRUE,seg6 / NA_neuraminidase,Host
Site_50,50,1.066049295197327e-4,0.20369919013127005,6,2,617,2.893562372678459e-4,TRUE,seg6 / NA_neuraminidase,Host
Site_52,52,0.015581460125251972,0.4213618189441575,5,2,69,0.03171940096926294,TRUE,seg6 / NA_neuraminidase,Host
Site_59,59,2.4922011890433833e-6,0.2351647731253507,6,2,613,8.356203986792521e-6,TRUE,seg6 / NA_neuraminidase,Host
Site_7,7,0.0015415341797059355,0.15785116366030272,4,2,616,0.004624602539117806,TRUE,seg6 / NA_neuraminidase,Time
Site_9,9,2.992770236372037e-18,0.3708351809608655,4,2,616,5.686263449106871e-17,TRUE,seg6 / NA_neuraminidase,Time
Site_10,10,1.593376613637472e-6,0.2195893587577868,4,2,616,1.1352808372166988e-5,TRUE,seg6 / NA_neuraminidase,Time
Site_12,12,0.0010394871666222379,0.18381403020282294,4,2,479,0.0037031730310917227,TRUE,seg6 / NA_neuraminidase,Time
Site_13,13,3.955854325750123e-16,0.3952274622472659,4,2,479,5.637092414193925e-15,TRUE,seg6 / NA_neuraminidase,Time
Site_15,15,0.0017321741488764435,0.17774272599227958,4,2,478,0.004936696324297864,TRUE,seg6 / NA_neuraminidase,Time
Site_17,17,1.9253935474810964e-4,0.1901952928111868,3,2,473,9.977039291492954e-4,TRUE,seg6 / NA_neuraminidase,Time
Site_18,18,6.136170268580662e-10,0.2732927164473691,3,2,568,5.829361755151629e-9,TRUE,seg6 / NA_neuraminidase,Time
Site_19,19,4.997501249375312e-4,0.2926197729553725,3,2,568,0.0021912120862645603,TRUE,seg6 / NA_neuraminidase,Time
Site_22,22,0.0015415341797059355,0.15785116366030272,4,2,616,0.004624602539117806,TRUE,seg6 / NA_neuraminidase,Time
Site_23,23,6.84089187243816e-5,0.18855529063198095,4,2,616,4.332564852544168e-4,TRUE,seg6 / NA_neuraminidase,Time
Site_25,25,6.486775984560497e-27,0.4500901195061174,4,2,617,3.6974623111994833e-25,TRUE,seg6 / NA_neuraminidase,Time
Site_26,26,8.616293561302981e-4,0.16393305220028795,4,2,617,0.003508062378530499,TRUE,seg6 / NA_neuraminidase,Time
Site_28,28,0.017631043750199908,0.1280246594274082,4,2,617,0.04568043153460885,TRUE,seg6 / NA_neuraminidase,Time
Site_30,30,9.566299731009397e-4,0.16283580925139504,4,2,617,0.0036351938977835707,TRUE,seg6 / NA_neuraminidase,Time
Site_31,31,1.3326067204053163e-4,0.18230830504509393,4,2,617,7.595858306310303e-4,TRUE,seg6 / NA_neuraminidase,Time
Site_32,32,0.001235891314699784,0.16011367365069645,4,2,617,0.004143870878699276,TRUE,seg6 / NA_neuraminidase,Time
Site_41,41,5.157110178410042e-25,0.4339128149785394,4,2,617,1.469776400846862e-23,TRUE,seg6 / NA_neuraminidase,Time
Site_49,49,5.66260918873681e-16,0.3465392395135931,4,2,617,6.4553744751599634e-15,TRUE,seg6 / NA_neuraminidase,Time
Site_52,52,4.997501249375312e-4,0.6281899724680695,3,2,69,0.0021912120862645603,TRUE,seg6 / NA_neuraminidase,Time
Site_57,57,7.0545924146281515e-9,0.25770926402360217,4,2,615,5.744453823340066e-8,TRUE,seg6 / NA_neuraminidase,Time
Site_59,59,0.002114903708596761,0.15473307880872275,4,2,613,0.005740452923334066,TRUE,seg6 / NA_neuraminidase,Time
Site_7,7,0.0018424556778763796,0.19241241751914787,8,2,616,0.006023425946924348,TRUE,seg6 / NA_neuraminidase,Geography
Site_8,8,1.231378919429744e-7,0.2709851126658985,8,2,616,1.4037719681499083e-6,TRUE,seg6 / NA_neuraminidase,Geography
Site_9,9,3.728512365020691e-14,0.35556229974933967,8,2,616,7.084173493539314e-13,TRUE,seg6 / NA_neuraminidase,Geography
Site_10,10,1.7248448489993868e-7,0.26871633728062816,8,2,616,1.6386026065494175e-6,TRUE,seg6 / NA_neuraminidase,Geography
Site_12,12,0.0027223197077147223,0.21345950022570778,8,2,479,0.0077586111669869584,TRUE,seg6 / NA_neuraminidase,Geography
Site_13,13,7.046367836159744e-8,0.3115084439197844,8,2,479,1.0041074166527635e-6,TRUE,seg6 / NA_neuraminidase,Geography
Site_15,15,0.0011830246774458873,0.22363963315563348,8,2,478,0.005619367217867965,TRUE,seg6 / NA_neuraminidase,Geography
Site_17,17,0.0019233734489138585,0.21906216451180807,8,2,473,0.006023425946924348,TRUE,seg6 / NA_neuraminidase,Geography
Site_18,18,1.1669590286679436e-24,0.47603394024523765,8,2,568,6.651666463407279e-23,TRUE,seg6 / NA_neuraminidase,Geography
Site_19,19,2.7287445650606052e-06,0.2594660751379311,8,2,568,1.9442305026056813e-5,TRUE,seg6 / NA_neuraminidase,Geography
Site_22,22,0.0018424556778763796,0.19241241751914787,8,2,616,0.006023425946924348,TRUE,seg6 / NA_neuraminidase,Geography
Site_23,23,2.574959413566883e-5,0.231682468365255,8,2,616,1.4677268657331232e-4,TRUE,seg6 / NA_neuraminidase,Geography
Site_24,24,0.001863430113234619,0.19229305168680838,8,2,616,0.006023425946924348,TRUE,seg6 / NA_neuraminidase,Geography
Site_26,26,0.00499862037821174,0.18129039078015421,8,2,617,0.01356768388371758,TRUE,seg6 / NA_neuraminidase,Geography
Site_28,28,0.00907970277190857,0.17422713267967851,8,2,617,0.022501872086903848,TRUE,seg6 / NA_neuraminidase,Geography
Site_30,30,0.001389555863203843,0.1951950726836934,8,2,617,0.006023425946924348,TRUE,seg6 / NA_neuraminidase,Geography
Site_31,31,0.007750529255228222,0.1761425001434391,8,2,617,0.020080916706727667,TRUE,seg6 / NA_neuraminidase,Geography
Site_32,32,0.0017351050354308803,0.1928871633038463,8,2,617,0.006023425946924348,TRUE,seg6 / NA_neuraminidase,Geography
Site_40,40,0.01782985982667024,0.16566515295544817,8,2,617,0.04234591708834182,TRUE,seg6 / NA_neuraminidase,Geography
Site_41,41,5.766148770886632e-7,0.2601794965340433,8,2,617,4.695292570579114e-6,TRUE,seg6 / NA_neuraminidase,Geography
Site_49,49,1.3521812136301391e-16,0.3815266496726659,8,2,617,3.853716458845896e-15,TRUE,seg6 / NA_neuraminidase,Geography
Site_52,52,2.8862284574264263e-4,0.5543380026991215,5,2,69,0.0014955911097573299,TRUE,seg6 / NA_neuraminidase,Geography
Site_57,57,1.3847399173197482e-5,0.23686962774478942,8,2,615,8.770019476358405e-5,TRUE,seg6 / NA_neuraminidase,Geography
Site_59,59,0.0020078086489747826,0.19197145904060814,8,2,613,0.006023425946924348,TRUE,seg6 / NA_neuraminidase,Geography
Site_6,6,0.004242459059462092,0.1913717317425509,6,2,468,0.011313224158565578,TRUE,seg7 / M1_matrix_protein,Host
Site_8,8,4.250913513965695e-33,0.5878436713393101,6,2,468,3.400730811172556e-32,TRUE,seg7 / M1_matrix_protein,Host
Site_9,9,3.0592767848173854e-28,0.5447966518466423,6,2,468,1.2237107139269542e-27,TRUE,seg7 / M1_matrix_protein,Host
Site_1,1,0.015385928353180095,0.14930050366321163,4,2,467,0.03077185670636019,TRUE,seg7 / M1_matrix_protein,Time
Site_6,6,5.494675876662252e-4,0.1935450644147345,4,2,468,0.002197870350664901,TRUE,seg7 / M1_matrix_protein,Time
Site_8,8,9.791978779100265e-12,0.3405542191267957,4,2,468,7.833583023280212e-11,TRUE,seg7 / M1_matrix_protein,Time
Site_9,9,0.004317444015308296,0.16764363683686614,4,2,468,0.011513184040822121,TRUE,seg7 / M1_matrix_protein,Time
Site_6,6,3.544514822979473e-8,0.30343169010578674,6,2,468,9.452039527945261e-8,TRUE,seg7 / M1_matrix_protein,Geography
Site_8,8,5.954126367126476e-25,0.5135080568761309,6,2,468,2.3816505468505905e-24,TRUE,seg7 / M1_matrix_protein,Geography
Site_9,9,3.413298178628804e-29,0.5535125750050204,6,2,468,2.7306385429030433e-28,TRUE,seg7 / M1_matrix_protein,Geography
Site_4,4,0.0032247359329736257,0.1949555734920832,6,2,468,0.009674207798920878,TRUE,seg7 / M2_ion_channel,Host
Site_5,5,0.0027215734905668126,0.19712928140844063,6,2,468,0.009674207798920878,TRUE,seg7 / M2_ion_channel,Host
Site_8,8,4.965798002251389e-22,0.48549924141413053,6,2,465,5.9589576027016664e-21,TRUE,seg7 / M2_ion_channel,Host
Site_9,9,4.5157163062436255e-8,0.3025700139380656,6,2,465,2.7094297837461755e-7,TRUE,seg7 / M2_ion_channel,Host
Site_11,11,0.009494803654824776,0.1810634600430976,6,2,464,0.02278752877157946,TRUE,seg7 / M2_ion_channel,Host
Site_4,4,8.483947988121299e-5,0.2140929106563599,4,2,468,3.3935791952485197e-4,TRUE,seg7 / M2_ion_channel,Time
Site_5,5,5.606667669607991e-7,0.2609075382586581,4,2,468,3.364000601764795e-6,TRUE,seg7 / M2_ion_channel,Time
Site_8,8,0.007598139281009679,0.1602291942779927,4,2,465,0.01823553427442323,TRUE,seg7 / M2_ion_channel,Time
Site_9,9,6.102994366752822e-4,0.19293811350332044,4,2,465,0.0018308983100258466,TRUE,seg7 / M2_ion_channel,Time
Site_11,11,1.0565126944857405e-21,0.46604428857305463,4,2,464,1.2678152333828886e-20,TRUE,seg7 / M2_ion_channel,Time
Site_3,3,0.009805917904989466,0.17982505280894465,6,2,468,0.019611835809978932,TRUE,seg7 / M2_ion_channel,Geography
Site_4,4,5.602826599416757e-7,0.2817245102440272,6,2,468,1.6808479798250272e-6,TRUE,seg7 / M2_ion_channel,Geography
Site_5,5,7.222233884218905e-10,0.3313467356122104,6,2,468,2.888893553687562e-9,TRUE,seg7 / M2_ion_channel,Geography
Site_8,8,4.719602129458027e-18,0.4417225259166718,6,2,465,2.831761277674816e-17,TRUE,seg7 / M2_ion_channel,Geography
Site_9,9,2.2699677820923517e-6,0.2708178326314781,6,2,465,5.447922677021644e-6,TRUE,seg7 / M2_ion_channel,Geography
Site_11,11,3.8038326976099186e-28,0.5462624462122494,6,2,464,4.564599237131903e-27,TRUE,seg7 / M2_ion_channel,Geography
Site_2,2,0.00146016259091205,0.21371235110715606,6,2,430,0.00350439021818892,TRUE,seg8 / NS1_protein,Host
Site_3,3,0.025977380739352806,0.17210384799869047,6,2,430,0.04156380918296449,TRUE,seg8 / NS1_protein,Host
Site_4,4,0.0028617281362230238,0.204987427373352,6,2,430,0.006243770479032051,TRUE,seg8 / NS1_protein,Host
Site_5,5,2.832832971426867e-11,0.36796220783038514,6,2,430,1.359759826284896e-10,TRUE,seg8 / NS1_protein,Host
Site_6,6,5.24882770031406e-32,0.6034781011827609,6,2,430,6.298593240376872e-31,TRUE,seg8 / NS1_protein,Host
Site_7,7,3.9296329857018186e-26,0.5476666972717433,6,2,430,3.143706388561455e-25,TRUE,seg8 / NS1_protein,Host
Site_12,12,0.02274407241867344,0.17433346455211948,6,2,430,0.04156380918296449,TRUE,seg8 / NS1_protein,Host
Site_13,13,7.018856328108277e-7,0.2919711931937074,6,2,430,2.4064650267799803e-6,TRUE,seg8 / NS1_protein,Host
Site_14,14,7.439141217834843e-9,0.3285824353860938,6,2,430,2.975656487133937e-8,TRUE,seg8 / NS1_protein,Host
Site_19,19,0.025646664291563644,0.17252128384815207,6,2,429,0.04156380918296449,TRUE,seg8 / NS1_protein,Host
Site_20,20,1.9214768661358686e-4,0.23788051219314404,6,2,429,5.764430598407605e-4,TRUE,seg8 / NS1_protein,Host
Site_21,21,5.442854492047382e-4,0.1751314227281028,6,4,429,0.0014514278645459686,TRUE,seg8 / NS1_protein,Host
Site_22,22,5.208746215379839e-34,0.6220469022833908,6,2,429,1.2500990916911613e-32,TRUE,seg8 / NS1_protein,Host
Site_23,23,0.003549698675653386,0.17456314078208235,6,3,429,0.007099397351306772,TRUE,seg8 / NS1_protein,Host
Site_24,24,1.8867427864197935e-24,0.8045438517121651,6,2,187,1.1320456718518761e-23,TRUE,seg8 / NS1_protein,Host
Site_2,2,4.150266892054112e-6,0.25391803943048313,4,2,430,1.2450800676162337e-5,TRUE,seg8 / NS1_protein,Time
Site_3,3,1.9376388267673755e-5,0.23883537121639026,4,2,430,5.1670368713796675e-5,TRUE,seg8 / NS1_protein,Time
Site_4,4,4.1713024426033026e-14,0.38991470152489677,4,2,430,3.337041954082642e-13,TRUE,seg8 / NS1_protein,Time
Site_5,5,1.0245943681747448e-6,0.26682769252007704,4,2,430,3.512894976599125e-6,TRUE,seg8 / NS1_protein,Time
Site_6,6,2.5080106484755795e-8,0.29823199674085527,4,2,430,1.203845111268278e-7,TRUE,seg8 / NS1_protein,Time
Site_7,7,3.185102485255097e-7,0.277123369623448,4,2,430,1.2740409941020387e-6,TRUE,seg8 / NS1_protein,Time
Site_13,13,2.935248495194975e-4,0.20937769823352134,4,2,430,7.044596388467939e-4,TRUE,seg8 / NS1_protein,Time
Site_14,14,2.4894871886563164e-16,0.4197464861360253,4,2,430,2.9873846263875795e-15,TRUE,seg8 / NS1_protein,Time
Site_20,20,0.0019652876175183165,0.18594409214465019,4,2,429,0.0042879002564036,TRUE,seg8 / NS1_protein,Time
Site_22,22,6.658588635452351e-11,0.3426602511569562,4,2,429,3.995153181271411e-10,TRUE,seg8 / NS1_protein,Time
Site_23,23,7.676237966852888e-18,0.32899647665517995,4,3,429,1.842297112044693e-16,TRUE,seg8 / NS1_protein,Time
Site_24,24,0.007729925433515213,0.2522736119942829,4,2,187,0.015459850867030426,TRUE,seg8 / NS1_protein,Time
Site_2,2,2.66379153873983e-13,0.4060790265437754,7,2,430,7.99137461621949e-13,TRUE,seg8 / NS1_protein,Geography
Site_3,3,1.4484156906666506e-13,0.4097522343472795,7,2,430,5.341397031934396e-13,TRUE,seg8 / NS1_protein,Geography
Site_4,4,1.6490946789850592e-12,0.39486035297721706,7,2,430,4.3975858106268245e-12,TRUE,seg8 / NS1_protein,Geography
Site_5,5,2.290782575521678e-29,0.5862177263598982,7,2,430,1.3744695453130068e-28,TRUE,seg8 / NS1_protein,Geography
Site_6,6,2.898085469804395e-30,0.5945815477645364,7,2,430,2.318468375843516e-29,TRUE,seg8 / NS1_protein,Geography
Site_7,7,1.5579074676475323e-13,0.409314827081862,7,2,430,5.341397031934396e-13,TRUE,seg8 / NS1_protein,Geography
Site_9,9,0.012533127620966802,0.1943250826893887,7,2,430,0.018799691431450202,TRUE,seg8 / NS1_protein,Geography
Site_11,11,1.5690723240017904e-5,0.27317572414898167,7,2,430,3.423430525094815e-5,TRUE,seg8 / NS1_protein,Geography
Site_13,13,8.571454460279973e-4,0.23039560333981862,7,2,430,0.0015824223618978413,TRUE,seg8 / NS1_protein,Geography
Site_14,14,6.344650690300803e-46,0.7244820441604236,7,2,430,1.5227161656721927e-44,TRUE,seg8 / NS1_protein,Geography
Site_16,16,4.995996553232809e-4,0.2367644739243783,7,2,430,9.991993106465617e-4,TRUE,seg8 / NS1_protein,Geography
Site_20,20,8.105713077487883e-7,0.3004436750559321,7,2,429,1.945371138597092e-6,TRUE,seg8 / NS1_protein,Geography
Site_21,21,0.0010775404335955003,0.18082243506966925,7,4,429,0.0018472121718780005,TRUE,seg8 / NS1_protein,Geography
Site_22,22,2.8223902997735243e-31,0.6045612358078727,7,2,429,3.386868359728229e-30,TRUE,seg8 / NS1_protein,Geography
Site_23,23,8.769806400195795e-19,0.3648437334433429,7,3,429,4.2095070720939814e-18,TRUE,seg8 / NS1_protein,Geography
Site_24,24,0.0016720665132876783,0.32146531242102483,6,2,187,0.0026753064212602855,TRUE,seg8 / NS1_protein,Geography
